{"cameraMode":{"drawMode":0,"name":"Shaded","section":"Shading Mode"},"sceneLighting":true,"audioPlay":false,"sceneViewState":{"m_AlwaysRefresh":false,"showFog":true,"showSkybox":true,"showFlares":true,"showImageEffects":true,"showParticleSystems":true,"showVisualEffectGraphs":true,"m_FxEnabled":true},"in2DMode":false,"pivot":{"x":10.214516639709473,"y":1.2837634086608887,"z":-4.466346263885498},"rotation":{"x":0.00041413147118873894,"y":0.9994975328445435,"z":0.02818375639617443,"w":-0.014693321660161019},"size":2.020376443862915,"orthographic":false}